# numero;cliente;codigos (separados por vírgula)
5001;Ana Almeida;P019,P001
5002;Ana Almeida;P002,P003
5003;Ana Almeida;P003,P008,P008
5004;Ana Cardoso;P029
5005;Ana Cardoso;P029
5006;Ana Cardoso;P028
5007;Ana Freitas;P023
5008;Ana Gomes;P047,P031
5009;Ana Gomes;P047,P047,P046
5010;Ana Gomes;P047,P028,P031,P047
5011;Ana Gomes;P025,P045
5012;Ana Gomes;P004,P004
5013;Ana Gomes;P046
5014;Ana Gomes;P047,P046
5015;Ana Gomes;P045,P047
5016;Ana Martins;P040,P038,P028
5017;Ana Martins;P038,P039
5018;Ana Martins;P023,P038
5019;Ana Martins;P038,P038
5020;Ana Martins;P039,P039
5021;Ana Martins;P038,P032,P040
5022;Ana Martins;P040,P025
5023;Ana Nunes;P032,P037
5024;Ana Nunes;P005,P033
5025;Ana Nunes;P032
5026;Ana Nunes;P035
5027;Ana Nunes;P037,P033,P032
5028;Ana Nunes;P037
5029;Ana Nunes;P033
5030;Ana Nunes;P034,P037
5031;Ana Ramos;P026
5032;Ana Ramos;P041,P028
5033;Ana Ramos;P028
5034;Ana Ramos;P027,P028
5035;Ana Ramos;P023
5036;Ana Rocha;P009,P001,P033
5037;Ana Rocha;P003
5038;Ana Rocha;P032
5039;Ana Rocha;P032,P018,P010
5040;Ana Santos;P006
5041;Ana Santos;P026,P024,P024,P002
5042;Ana Santos;P003
5043;Ana Santos;P001
5044;Ana Santos;P047
5045;Ana Santos;P026,P002
5046;Ana Santos;P017,P017
5047;Ana Santos;P024,P002
5048;Ana Silva;P037,P009
5049;Ana Silva;P011,P010
5050;Ana Silva;P011,P010,P011
5051;Ana Silva;P010,P009,P023
5052;Ana Silva;P012
5053;Ana Silva;P012,P009
5054;Ana Silva;P011
5055;Ana Silva;P015
5056;Ana Souza;P032,P045
5057;Ana Souza;P047
5058;Ana Teixeira;P011,P009,P010,P009,P011
5059;Ana Teixeira;P013,P010
5060;Ana Teixeira;P009,P023,P046
5061;Ana Teixeira;P004
5062;Bruno Almeida;P029,P028
5063;Bruno Almeida;P031,P029
5064;Bruno Almeida;P028,P031,P023
5065;Bruno Cardoso;P003,P028,P029
5066;Bruno Cardoso;P047
5067;Bruno Cardoso;P004,P004
5068;Bruno Cardoso;P002,P028
5069;Bruno Cardoso;P030,P001
5070;Bruno Cardoso;P002
5071;Bruno Cardoso;P001
5072;Bruno Costa;P001,P009,P009
5073;Bruno Costa;P010,P040
5074;Bruno Costa;P009,P010,P011,P009
5075;Bruno Costa;P012,P011,P015
5076;Bruno Dias;P023
5077;Bruno Dias;P027
5078;Bruno Dias;P027,P023
5079;Bruno Dias;P023
5080;Bruno Freitas;P028,P031,P028,P025
5081;Bruno Freitas;P029,P038,P031
5082;Bruno Freitas;P034,P028
5083;Bruno Freitas;P031,P028
5084;Bruno Lima;P038,P038,P040,P038
5085;Bruno Lima;P038,P027,P040
5086;Bruno Lima;P038
5087;Bruno Lima;P038,P038,P040
5088;Bruno Lima;P038,P038
5089;Bruno Moura;P009,P001
5090;Bruno Moura;P009,P010,P009,P018
5091;Bruno Moura;P011,P012
5092;Bruno Moura;P009
5093;Bruno Nunes;P032,P033
5094;Bruno Ribeiro;P019,P045,P046
5095;Bruno Ribeiro;P010,P045,P009
5096;Bruno Rocha;P046,P037
5097;Bruno Rocha;P033,P002
5098;Bruno Rocha;P007
5099;Bruno Rocha;P032
5100;Bruno Rocha;P047,P024
5101;Bruno Rocha;P002,P018,P001,P045
5102;Bruno Rocha;P001
5103;Bruno Santos;P039
5104;Bruno Santos;P039,P032,P033,P039
5105;Bruno Santos;P019,P033
5106;Bruno Santos;P039,P039,P032
5107;Bruno Silva;P011
5108;Bruno Silva;P020,P020
5109;Bruno Silva;P009,P025,P013
5110;Bruno Silva;P020,P009,P011
5111;Bruno Silva;P010,P018,P023
5112;Bruno Souza;P005,P042,P029,P001
5113;Bruno Souza;P002,P005
5114;Bruno Souza;P028,P039,P041
5115;Bruno Teixeira;P032
5116;Bruno Teixeira;P047,P018,P018,P047
5117;Bruno Teixeira;P034,P032,P021
5118;Bruno Teixeira;P022
5119;Bruno Teixeira;P047,P032,P018
5120;Bruno Teixeira;P022,P032
5121;Bruno Teixeira;P033
5122;Carla Barbosa;P040
5123;Carla Barbosa;P019,P032
5124;Carla Gomes;P040
5125;Carla Gomes;P012,P041,P009
5126;Carla Gomes;P041
5127;Carla Gomes;P039
5128;Carla Lima;P004,P009
5129;Carla Lima;P046,P013,P004
5130;Carla Lima;P009
5131;Carla Lima;P017,P047
5132;Carla Lima;P046,P010
5133;Carla Martins;P009,P035,P010
5134;Carla Moura;P033,P028,P033
5135;Carla Moura;P045,P045,P045
5136;Carla Oliveira;P022,P019,P001
5137;Carla Oliveira;P009,P018,P004,P022
5138;Carla Oliveira;P020,P008,P018,P004
5139;Carla Oliveira;P001,P009,P001
5140;Carla Oliveira;P001,P001
5141;Carla Oliveira;P047
5142;Carla Pinto;P045,P045
5143;Carla Pinto;P047,P045,P047
5144;Carla Pinto;P019,P047,P046,P047
5145;Carla Pinto;P045,P046
5146;Carla Pinto;P045,P047,P045
5147;Carla Pinto;P047,P046
5148;Carla Pinto;P047,P045,P046,P047
5149;Carla Pinto;P047
5150;Carla Ramos;P045,P045,P046,P046
5151;Carla Ramos;P045,P001
5152;Carla Ramos;P009,P003
5153;Carla Rocha;P033,P032
5154;Carla Rocha;P034,P032,P027
5155;Carla Santos;P033,P010
5156;Carla Santos;P032
5157;Carla Silva;P047
5158;Carla Silva;P037,P046
5159;Carla Silva;P047,P047
5160;Carla Silva;P045,P045
5161;Carla Silva;P045,P047,P047
5162;Carla Silva;P001
5163;Carla Silva;P047
5164;Carla Souza;P033,P023
5165;Carla Souza;P009,P039
5166;Carla Souza;P040,P030,P035
5167;Carla Souza;P032,P040
5168;Carla Souza;P038
5169;Carla Souza;P024,P001,P023
5170;Carla Souza;P039,P023,P023,P023,P039
5171;Carla Souza;P024
5172;Diego Almeida;P038,P029
5173;Diego Almeida;P029
5174;Diego Almeida;P028,P038
5175;Diego Almeida;P030,P038
5176;Diego Almeida;P038,P025
5177;Diego Almeida;P031,P029
5178;Diego Almeida;P034,P039,P028
5179;Diego Almeida;P039,P028
5180;Diego Costa;P003
5181;Diego Costa;P001,P001,P002,P001
5182;Diego Dias;P018,P018
5183;Diego Dias;P024,P043
5184;Diego Dias;P021,P021
5185;Diego Dias;P047
5186;Diego Dias;P024,P021,P027
5187;Diego Dias;P023
5188;Diego Lima;P038
5189;Diego Lima;P026,P031
5190;Diego Lima;P039,P028,P028
5191;Diego Moura;P032,P037,P032
5192;Diego Moura;P034
5193;Diego Moura;P027
5194;Diego Moura;P023,P037
5195;Diego Moura;P002
5196;Diego Moura;P027,P023,P027
5197;Diego Moura;P026
5198;Diego Moura;P027,P023,P032,P033,P027
5199;Diego Pinto;P033,P037,P032
5200;Diego Pinto;P024,P022,P024
5201;Diego Pinto;P035,P023,P032,P035
5202;Diego Pinto;P024,P024
5203;Diego Rocha;P003,P004
5204;Diego Rocha;P001,P001,P002,P003
5205;Diego Santos;P009
5206;Diego Santos;P010
5207;Diego Santos;P010,P039
5208;Diego Santos;P009
5209;Diego Santos;P009,P009,P009,P009
5210;Diego Santos;P011,P016
5211;Diego Silva;P033,P033
5212;Diego Silva;P033,P032,P037,P001
5213;Diego Silva;P023,P037
5214;Diego Silva;P002,P032
5215;Diego Souza;P037,P002,P033
5216;Diego Souza;P035,P033
5217;Diego Souza;P001,P001
5218;Diego Souza;P037,P032,P037
5219;Diego Souza;P037,P001
5220;Diego Souza;P032,P032,P032
5221;Diego Souza;P034,P033
5222;Diego Souza;P001,P035,P032,P002
5223;Diego Teixeira;P011,P011,P010,P009
5224;Diego Teixeira;P013
5225;Diego Teixeira;P009,P009,P009
5226;Diego Teixeira;P012,P009,P010,P012
5227;Elisa Almeida;P031,P008,P007
5228;Elisa Almeida;P029,P028
5229;Elisa Almeida;P007,P031,P001
5230;Elisa Barbosa;P047,P031
5231;Elisa Barbosa;P040,P011
5232;Elisa Barbosa;P022,P047,P047,P045
5233;Elisa Barbosa;P047
5234;Elisa Cardoso;P020,P045,P004,P010
5235;Elisa Cardoso;P009
5236;Elisa Cardoso;P009,P009
5237;Elisa Cardoso;P046,P018
5238;Elisa Cardoso;P018,P023,P045
5239;Elisa Cardoso;P020,P045
5240;Elisa Cardoso;P009,P011
5241;Elisa Dias;P009,P009,P009
5242;Elisa Dias;P009,P016
5243;Elisa Dias;P010
5244;Elisa Dias;P010,P010,P009,P010
5245;Elisa Freitas;P001
5246;Elisa Lima;P047
5247;Elisa Martins;P019,P022
5248;Elisa Moura;P023
5249;Elisa Moura;P022
5250;Elisa Moura;P023,P023,P023
5251;Elisa Moura;P035,P024,P022
5252;Elisa Oliveira;P021,P022
5253;Elisa Oliveira;P018
5254;Elisa Oliveira;P018,P022
5255;Elisa Pinto;P031,P028
5256;Elisa Pinto;P030
5257;Elisa Pinto;P030,P031,P028,P030
5258;Elisa Pinto;P031,P031,P028,P030
5259;Elisa Pinto;P028
5260;Elisa Pinto;P031,P028,P028,P031,P031
5261;Elisa Pinto;P030,P031,P028
5262;Elisa Ramos;P029,P031,P029
5263;Elisa Ramos;P028
5264;Elisa Ramos;P028
5265;Elisa Santos;P009,P009
5266;Elisa Santos;P019
5267;Elisa Santos;P047,P047
5268;Elisa Santos;P047,P012,P021
5269;Elisa Santos;P018,P010
5270;Elisa Santos;P045,P045
5271;Elisa Santos;P010,P047
5272;Elisa Silva;P028,P030
5273;Elisa Souza;P011,P016
5274;Elisa Souza;P012
5275;Elisa Souza;P047
5276;Elisa Souza;P017,P010
5277;Elisa Souza;P045,P045
5278;Elisa Souza;P028
5279;Elisa Souza;P045
5280;Elisa Teixeira;P030
5281;Elisa Teixeira;P019,P028
5282;Elisa Teixeira;P029
5283;Felipe Almeida;P023,P025,P002,P023
5284;Felipe Almeida;P023
5285;Felipe Barbosa;P024,P004
5286;Felipe Barbosa;P025,P026,P028
5287;Felipe Barbosa;P023,P023
5288;Felipe Barbosa;P001,P043
5289;Felipe Barbosa;P002
5290;Felipe Barbosa;P029
5291;Felipe Barbosa;P030
5292;Felipe Barbosa;P028
5293;Felipe Cardoso;P031,P028
5294;Felipe Cardoso;P031,P029
5295;Felipe Cardoso;P030,P030
5296;Felipe Cardoso;P028
5297;Felipe Cardoso;P029,P028,P028
5298;Felipe Cardoso;P029,P031,P028
5299;Felipe Cardoso;P030,P029,P031,P028
5300;Felipe Costa;P023,P026
5301;Felipe Costa;P037,P026
5302;Felipe Costa;P037
5303;Felipe Costa;P035,P037
5304;Felipe Costa;P032
5305;Felipe Freitas;P028,P028
5306;Felipe Freitas;P029,P030
5307;Felipe Lima;P043
5308;Felipe Lima;P011,P046,P041,P045
5309;Felipe Lima;P038,P042
5310;Felipe Lima;P045,P023
5311;Felipe Martins;P032,P023,P002,P032
5312;Felipe Martins;P025
5313;Felipe Martins;P027,P004,P002,P003
5314;Felipe Martins;P025,P031
5315;Felipe Martins;P005,P008
5316;Felipe Martins;P024
5317;Felipe Nunes;P047,P010
5318;Felipe Nunes;P016,P046,P030
5319;Felipe Nunes;P045,P033,P045
5320;Felipe Nunes;P046,P045,P026,P046
5321;Felipe Nunes;P045
5322;Felipe Nunes;P022,P010,P029,P028
5323;Felipe Nunes;P031
5324;Felipe Oliveira;P038,P039
5325;Felipe Oliveira;P038,P039,P041
5326;Felipe Oliveira;P041,P012
5327;Felipe Oliveira;P038
5328;Felipe Oliveira;P040,P040
5329;Felipe Pinto;P013,P032,P047
5330;Felipe Pinto;P015,P032,P003
5331;Felipe Pinto;P001,P011,P047,P010,P001
5332;Felipe Pinto;P016,P010
5333;Felipe Ramos;P032
5334;Felipe Ramos;P005,P032
5335;Felipe Ramos;P032,P033
5336;Felipe Ramos;P045,P045
5337;Felipe Ramos;P032
5338;Felipe Ribeiro;P032
5339;Felipe Ribeiro;P032
5340;Felipe Ribeiro;P032,P032
5341;Felipe Ribeiro;P033
5342;Felipe Ribeiro;P032,P031,P032
5343;Felipe Rocha;P029
5344;Felipe Rocha;P022,P031
5345;Felipe Rocha;P031,P031
5346;Felipe Silva;P018
5347;Felipe Silva;P018,P034,P002,P028
5348;Felipe Silva;P018,P018
5349;Felipe Souza;P025,P039
5350;Gabriela Cardoso;P002,P002
5351;Gabriela Cardoso;P001,P002
5352;Gabriela Cardoso;P047,P047,P001,P046
5353;Gabriela Costa;P002,P020
5354;Gabriela Costa;P033
5355;Gabriela Costa;P001,P019,P022,P032
5356;Gabriela Costa;P029,P037,P020
5357;Gabriela Costa;P020,P032,P020
5358;Gabriela Costa;P032,P037,P037
5359;Gabriela Gomes;P009,P010
5360;Gabriela Gomes;P022,P023,P024
5361;Gabriela Gomes;P012,P013
5362;Gabriela Gomes;P019,P024
5363;Gabriela Gomes;P023
5364;Gabriela Gomes;P020,P023,P023,P041
5365;Gabriela Lima;P020,P020,P019,P033
5366;Gabriela Lima;P018,P045
5367;Gabriela Lima;P018,P047
5368;Gabriela Lima;P047
5369;Gabriela Lima;P047,P031,P018
5370;Gabriela Lima;P018
5371;Gabriela Lima;P033,P032
5372;Gabriela Martins;P027,P031
5373;Gabriela Martins;P024,P024
5374;Gabriela Martins;P018
5375;Gabriela Martins;P028
5376;Gabriela Martins;P018,P023
5377;Gabriela Martins;P030,P020,P023,P023
5378;Gabriela Martins;P030,P022
5379;Gabriela Moura;P015,P017
5380;Gabriela Moura;P011,P013
5381;Gabriela Moura;P013,P017,P010
5382;Gabriela Moura;P002,P009,P009,P002
5383;Gabriela Moura;P010,P009
5384;Gabriela Moura;P010,P011
5385;Gabriela Moura;P016
5386;Gabriela Nunes;P018,P018
5387;Gabriela Nunes;P021,P018
5388;Gabriela Nunes;P018,P018
5389;Gabriela Nunes;P018,P018,P020
5390;Gabriela Nunes;P019,P022
5391;Gabriela Nunes;P019,P018
5392;Gabriela Nunes;P019
5393;Gabriela Nunes;P018,P034
5394;Gabriela Oliveira;P040,P038,P038,P040
5395;Gabriela Pinto;P023,P009
5396;Gabriela Pinto;P009
5397;Gabriela Pinto;P026,P013
5398;Gabriela Ramos;P001,P002
5399;Gabriela Ramos;P033,P035,P001,P032
5400;Gabriela Ribeiro;P019,P028
5401;Gabriela Ribeiro;P002,P029,P029
5402;Gabriela Ribeiro;P001
5403;Gabriela Silva;P027,P023,P047,P047
5404;Gabriela Silva;P045
5405;Gabriela Silva;P045,P045
5406;Gabriela Silva;P045,P029
5407;Gabriela Silva;P046
5408;Gabriela Silva;P047
5409;Gabriela Silva;P045,P045
5410;Gabriela Silva;P027
5411;Gabriela Teixeira;P028,P029
5412;Gabriela Teixeira;P029
5413;Gabriela Teixeira;P011,P011
5414;Gabriela Teixeira;P031,P009,P031
5415;Gabriela Teixeira;P010,P035,P033
5416;Henrique Dias;P042
5417;Henrique Dias;P038
5418;Henrique Dias;P038
5419;Henrique Dias;P039
5420;Henrique Freitas;P028
5421;Henrique Freitas;P031,P031
5422;Henrique Freitas;P028
5423;Henrique Freitas;P031,P001,P002
5424;Henrique Freitas;P001
5425;Henrique Freitas;P003
5426;Henrique Freitas;P006,P046,P006,P002
5427;Henrique Gomes;P004
5428;Henrique Gomes;P010
5429;Henrique Gomes;P001,P009
5430;Henrique Gomes;P009
5431;Henrique Gomes;P010,P010
5432;Henrique Gomes;P028,P003
5433;Henrique Lima;P002,P032,P002
5434;Henrique Lima;P017,P013
5435;Henrique Lima;P022,P009,P039
5436;Henrique Lima;P038,P009,P024
5437;Henrique Lima;P039,P009,P039
5438;Henrique Moura;P035
5439;Henrique Moura;P034,P012,P033
5440;Henrique Nunes;P024,P009
5441;Henrique Nunes;P025,P027,P027
5442;Henrique Nunes;P010
5443;Henrique Nunes;P024
5444;Henrique Nunes;P025
5445;Henrique Pinto;P029
5446;Henrique Pinto;P033,P026,P028
5447;Henrique Pinto;P028
5448;Henrique Pinto;P038
5449;Henrique Pinto;P038
5450;Henrique Pinto;P029,P043
5451;Henrique Pinto;P030
5452;Henrique Ribeiro;P027,P027
5453;Henrique Ribeiro;P023,P024,P025
5454;Henrique Ribeiro;P023,P038
5455;Henrique Ribeiro;P024,P024,P027
5456;Henrique Ribeiro;P027,P024
5457;Henrique Ribeiro;P026
5458;Henrique Rocha;P032
5459;Henrique Santos;P029
5460;Henrique Santos;P031,P028
5461;Henrique Silva;P039
5462;Henrique Silva;P009,P013,P031
5463;Henrique Silva;P023,P031,P010
5464;Henrique Silva;P010
5465;Henrique Silva;P013
5466;Henrique Silva;P045,P028,P009
5467;Henrique Souza;P032
5468;Henrique Souza;P033,P033
5469;Henrique Souza;P033,P032
5470;Henrique Souza;P033
5471;Henrique Souza;P032
5472;Henrique Souza;P028,P033,P028
5473;Henrique Souza;P028,P032
5474;Henrique Teixeira;P047,P020
5475;Henrique Teixeira;P021,P041,P040
5476;Henrique Teixeira;P040,P032
5477;Henrique Teixeira;P020,P020
5478;Henrique Teixeira;P019
5479;Henrique Teixeira;P038,P026
5480;Henrique Teixeira;P022
5481;Henrique Teixeira;P019,P019
5482;Isadora Almeida;P018,P046,P045,P019
5483;Isadora Almeida;P022,P020,P019
5484;Isadora Almeida;P003,P018
5485;Isadora Almeida;P047
5486;Isadora Almeida;P045,P019
5487;Isadora Almeida;P046
5488;Isadora Almeida;P018,P046,P045
5489;Isadora Almeida;P046,P028,P019,P018
5490;Isadora Cardoso;P038
5491;Isadora Cardoso;P019,P009
5492;Isadora Cardoso;P009,P023,P010,P009
5493;Isadora Cardoso;P023,P009,P018
5494;Isadora Cardoso;P018,P022,P025,P012
5495;Isadora Cardoso;P022,P015
5496;Isadora Costa;P019,P047
5497;Isadora Costa;P009,P018
5498;Isadora Costa;P021
5499;Isadora Costa;P046,P018
5500;Isadora Dias;P042
5501;Isadora Freitas;P034
5502;Isadora Freitas;P028,P028,P034
5503;Isadora Freitas;P033
5504;Isadora Freitas;P028,P034
5505;Isadora Freitas;P034,P032
5506;Isadora Lima;P040
5507;Isadora Lima;P029,P025,P042
5508;Isadora Lima;P024
5509;Isadora Martins;P041
5510;Isadora Martins;P039
5511;Isadora Martins;P038
5512;Isadora Moura;P040
5513;Isadora Moura;P017,P001,P002
5514;Isadora Moura;P033
5515;Isadora Moura;P033
5516;Isadora Moura;P046,P037,P008
5517;Isadora Nunes;P012
5518;Isadora Nunes;P009,P012,P009
5519;Isadora Oliveira;P023,P026
5520;Isadora Oliveira;P023
5521;Isadora Oliveira;P023
5522;Isadora Oliveira;P018
5523;Isadora Ramos;P018
5524;Isadora Ramos;P022,P046
5525;Isadora Ramos;P020,P020,P047
5526;Isadora Ramos;P045
5527;Isadora Ramos;P022,P011
5528;Isadora Ramos;P019
5529;Isadora Ramos;P021,P009,P019,P047
5530;Isadora Rocha;P001,P033
5531;Isadora Rocha;P032
5532;Isadora Santos;P026,P033
5533;Isadora Santos;P034,P033
5534;Isadora Santos;P033,P032,P034,P032
5535;Isadora Silva;P022,P020,P020,P026
5536;Isadora Silva;P009
5537;Isadora Silva;P020,P022
5538;Isadora Silva;P028,P022,P019
5539;Isadora Silva;P046
5540;Isadora Silva;P018
5541;Isadora Silva;P019,P020
5542;Isadora Teixeira;P009,P022,P039,P005
5543;Isadora Teixeira;P041
5544;Isadora Teixeira;P018
5545;Isadora Teixeira;P031,P031
5546;Joaquim Almeida;P030
5547;Joaquim Almeida;P010
5548;Joaquim Barbosa;P019,P022
5549;Joaquim Dias;P047,P046,P047
5550;Joaquim Gomes;P031,P038,P031,P031
5551;Joaquim Gomes;P031
5552;Joaquim Gomes;P029,P032
5553;Joaquim Gomes;P028,P029
5554;Joaquim Gomes;P028,P031,P028,P031
5555;Joaquim Lima;P045,P047
5556;Joaquim Lima;P034,P043,P045
5557;Joaquim Lima;P033
5558;Joaquim Lima;P039,P032,P032
5559;Joaquim Lima;P040
5560;Joaquim Martins;P030,P029,P024
5561;Joaquim Martins;P024,P021,P025,P045
5562;Joaquim Martins;P023,P023
5563;Joaquim Martins;P031,P030,P027,P029
5564;Joaquim Martins;P028,P029,P030
5565;Joaquim Moura;P009,P039
5566;Joaquim Nunes;P043,P010
5567;Joaquim Nunes;P016,P013
5568;Joaquim Nunes;P016,P016
5569;Joaquim Nunes;P009
5570;Joaquim Nunes;P042,P043,P009
5571;Joaquim Nunes;P042
5572;Joaquim Nunes;P040
5573;Joaquim Oliveira;P019,P020,P019
5574;Joaquim Oliveira;P009
5575;Joaquim Oliveira;P019,P047,P018,P009
5576;Joaquim Oliveira;P022,P019,P018
5577;Joaquim Oliveira;P018,P018
5578;Joaquim Oliveira;P013,P010
5579;Joaquim Oliveira;P022,P018,P010
5580;Joaquim Ribeiro;P033,P032
5581;Joaquim Ribeiro;P041
5582;Joaquim Ribeiro;P032,P037
5583;Joaquim Ribeiro;P033,P038
5584;Joaquim Ribeiro;P042,P040,P043
5585;Joaquim Ribeiro;P032,P025
5586;Joaquim Ribeiro;P034,P033
5587;Joaquim Santos;P028
5588;Joaquim Santos;P027
5589;Joaquim Santos;P023,P031,P030
5590;Joaquim Santos;P026,P031
5591;Joaquim Santos;P030,P027
5592;Joaquim Souza;P046,P037
5593;Joaquim Souza;P046,P046,P019,P047,P046
5594;Joaquim Souza;P047,P046
5595;Joaquim Souza;P046,P046,P046,P045
5596;Kelly Dias;P020
5597;Kelly Dias;P025,P020,P023
5598;Kelly Freitas;P046
5599;Kelly Freitas;P047
5600;Kelly Freitas;P029,P047
5601;Kelly Freitas;P047
5602;Kelly Gomes;P026,P031,P027,P026
5603;Kelly Gomes;P023,P026,P027
5604;Kelly Ramos;P022,P019
5605;Kelly Ramos;P027
5606;Kelly Ribeiro;P045,P045
5607;Kelly Ribeiro;P047,P046,P045
5608;Kelly Ribeiro;P047
5609;Kelly Ribeiro;P003,P045
5610;Kelly Ribeiro;P047,P047,P032
5611;Kelly Ribeiro;P047,P046
5612;Kelly Ribeiro;P047
5613;Kelly Rocha;P047,P047,P047,P045
5614;Kelly Rocha;P033,P046,P045
5615;Kelly Rocha;P045,P047,P047
5616;Kelly Rocha;P031
5617;Kelly Rocha;P047,P045,P046,P047
5618;Kelly Rocha;P046
5619;Kelly Rocha;P047,P047,P047
5620;Kelly Silva;P045
5621;Kelly Silva;P008,P004
5622;Kelly Silva;P045
5623;Kelly Silva;P037
5624;Kelly Silva;P007,P007,P047
5625;Kelly Silva;P037
5626;Kelly Silva;P033,P018
5627;Kelly Silva;P018
5628;Kelly Souza;P020,P025,P023
5629;Kelly Souza;P004
5630;Kelly Souza;P024,P024
5631;Kelly Souza;P024,P023
5632;Kelly Souza;P005,P024
5633;Kelly Teixeira;P029,P032,P032
5634;Leandro Barbosa;P010,P024
5635;Leandro Barbosa;P010,P011,P034
5636;Leandro Barbosa;P031
5637;Leandro Barbosa;P033,P024
5638;Leandro Barbosa;P009
5639;Leandro Barbosa;P023,P024
5640;Leandro Barbosa;P032
5641;Leandro Cardoso;P043,P024,P023
5642;Leandro Cardoso;P038,P019
5643;Leandro Costa;P038,P042
5644;Leandro Costa;P038,P038
5645;Leandro Costa;P038
5646;Leandro Freitas;P035
5647;Leandro Lima;P018,P018
5648;Leandro Lima;P019,P020
5649;Leandro Lima;P021
5650;Leandro Lima;P022,P019,P022
5651;Leandro Lima;P021,P022,P021
5652;Leandro Lima;P019,P018
5653;Leandro Martins;P015
5654;Leandro Martins;P030
5655;Leandro Martins;P009,P028
5656;Leandro Martins;P040,P028,P028
5657;Leandro Moura;P026
5658;Leandro Moura;P011,P002,P026
5659;Leandro Moura;P009
5660;Leandro Moura;P018,P001,P023
5661;Leandro Moura;P005
5662;Leandro Moura;P012,P012,P009,P012
5663;Leandro Nunes;P047,P019
5664;Leandro Nunes;P046
5665;Leandro Oliveira;P039,P039,P038,P038,P039
5666;Leandro Oliveira;P010,P024
5667;Leandro Oliveira;P040,P040,P041,P038
5668;Leandro Oliveira;P041,P047,P038,P038
5669;Leandro Pinto;P032,P028,P030,P028
5670;Leandro Pinto;P001,P034,P001
5671;Leandro Pinto;P032,P034
5672;Leandro Pinto;P034,P031
5673;Leandro Pinto;P029,P031,P037
5674;Leandro Pinto;P028
5675;Leandro Ramos;P031,P031
5676;Leandro Ramos;P012
5677;Leandro Ramos;P032
5678;Leandro Ramos;P033
5679;Leandro Ramos;P023,P033,P023,P027
5680;Leandro Ribeiro;P021
5681;Leandro Ribeiro;P045,P019,P038,P045
5682;Leandro Ribeiro;P038,P040
5683;Leandro Rocha;P028
5684;Leandro Rocha;P001,P001
5685;Leandro Rocha;P001
5686;Leandro Rocha;P001,P003
5687;Leandro Santos;P027,P034,P027
5688;Leandro Santos;P022
5689;Leandro Santos;P019
5690;Leandro Santos;P023
5691;Leandro Santos;P018,P022
5692;Leandro Silva;P039,P037
5693;Leandro Silva;P043
5694;Leandro Silva;P033
5695;Leandro Silva;P038
5696;Leandro Souza;P042
5697;Leandro Souza;P040
5698;Marina Almeida;P003
5699;Marina Almeida;P001,P002
5700;Marina Almeida;P029,P029
5701;Marina Almeida;P031
5702;Marina Almeida;P028,P028,P031
5703;Marina Barbosa;P043
5704;Marina Barbosa;P032,P033
5705;Marina Barbosa;P028
5706;Marina Barbosa;P028,P032,P028
5707;Marina Barbosa;P037,P025,P037
5708;Marina Barbosa;P023,P032,P028
5709;Marina Cardoso;P022,P022
5710;Marina Cardoso;P022
5711;Marina Cardoso;P022,P018,P010
5712;Marina Cardoso;P009,P019,P019
5713;Marina Costa;P023,P039,P017
5714;Marina Costa;P018,P043
5715;Marina Costa;P032,P010
5716;Marina Costa;P009
5717;Marina Costa;P019,P038,P018
5718;Marina Costa;P009
5719;Marina Dias;P028
5720;Marina Dias;P031
5721;Marina Dias;P031,P030,P029,P029
5722;Marina Freitas;P045,P047
5723;Marina Freitas;P047,P046
5724;Marina Freitas;P038
5725;Marina Freitas;P045,P045
5726;Marina Freitas;P045,P045
5727;Marina Gomes;P037
5728;Marina Gomes;P032
5729;Marina Gomes;P034,P037
5730;Marina Lima;P019
5731;Marina Lima;P018,P018
5732;Marina Lima;P019
5733;Marina Lima;P018
5734;Marina Moura;P001
5735;Marina Moura;P019,P001
5736;Marina Moura;P020,P034,P001,P003
5737;Marina Nunes;P041,P038
5738;Marina Nunes;P028
5739;Marina Nunes;P041,P040,P038,P038
5740;Marina Nunes;P005
5741;Marina Nunes;P038,P039
5742;Marina Pinto;P020,P037
5743;Marina Pinto;P018,P035,P018
5744;Marina Pinto;P032,P034
5745;Marina Pinto;P021
5746;Marina Pinto;P046
5747;Marina Pinto;P021,P034
5748;Marina Pinto;P037
5749;Marina Pinto;P034
5750;Marina Ramos;P001,P002,P001,P001
5751;Marina Ramos;P001,P022,P031,P001
5752;Marina Ramos;P001
5753;Marina Ramos;P001,P040,P002,P009
5754;Marina Ramos;P003,P002
5755;Marina Ramos;P004,P001,P003
5756;Marina Ribeiro;P045
5757;Marina Ribeiro;P010,P046,P045
5758;Marina Ribeiro;P045,P024,P010,P009
5759;Marina Ribeiro;P009,P017
5760;Marina Ribeiro;P012
5761;Marina Ribeiro;P045,P010,P009
5762;Marina Ribeiro;P046
5763;Marina Rocha;P009,P018
5764;Marina Rocha;P037,P046
5765;Marina Rocha;P046,P046,P010
5766;Marina Rocha;P047,P006
5767;Marina Rocha;P009,P046,P004,P005
5768;Marina Santos;P038
5769;Marina Santos;P039,P040,P038,P038
5770;Marina Santos;P039,P038
5771;Marina Santos;P038,P041
5772;Marina Santos;P039,P043,P043,P027
5773;Marina Santos;P038
5774;Marina Silva;P001,P012
5775;Marina Silva;P002,P031,P038,P011
5776;Marina Silva;P015,P001
5777;Marina Silva;P001
5778;Marina Silva;P001
5779;Marina Silva;P010,P001,P009,P009
5780;Marina Souza;P030,P031
5781;Marina Souza;P028
5782;Marina Souza;P031,P031
5783;Marina Souza;P023,P030
5784;Marina Teixeira;P002
5785;Marina Teixeira;P037
5786;Nathan Barbosa;P010,P001,P011
5787;Nathan Barbosa;P011
5788;Nathan Barbosa;P015
5789;Nathan Costa;P047,P027
5790;Nathan Costa;P026,P045
5791;Nathan Costa;P046,P027,P027,P025
5792;Nathan Costa;P045,P024
5793;Nathan Costa;P045
5794;Nathan Costa;P027,P047,P027
5795;Nathan Dias;P037
5796;Nathan Dias;P035,P029
5797;Nathan Dias;P031
5798;Nathan Dias;P029,P029,P029
5799;Nathan Dias;P033
5800;Nathan Dias;P031,P028,P031
5801;Nathan Dias;P032,P032
5802;Nathan Dias;P028,P022,P031
5803;Nathan Gomes;P015
5804;Nathan Gomes;P009,P009,P009
5805;Nathan Martins;P024,P025,P023
5806;Nathan Martins;P025,P022,P047
5807;Nathan Martins;P047,P025
5808;Nathan Martins;P047
5809;Nathan Martins;P046,P023
5810;Nathan Moura;P015,P009
5811;Nathan Moura;P009
5812;Nathan Moura;P011,P011
5813;Nathan Moura;P010,P010,P010
5814;Nathan Moura;P011,P009
5815;Nathan Nunes;P032,P010,P009
5816;Nathan Nunes;P010,P035,P011
5817;Nathan Nunes;P032,P034
5818;Nathan Nunes;P032
5819;Nathan Nunes;P010
5820;Nathan Nunes;P032
5821;Nathan Pinto;P022,P032
5822;Nathan Pinto;P033,P010,P020
5823;Nathan Pinto;P035,P002
5824;Nathan Ramos;P033,P024,P034
5825;Nathan Ramos;P032
5826;Nathan Ramos;P033
5827;Nathan Ramos;P035,P032,P032,P035
5828;Nathan Ramos;P034
5829;Nathan Ramos;P032,P008
5830;Nathan Ramos;P032,P032,P032,P032
5831;Nathan Rocha;P042
5832;Nathan Rocha;P040
5833;Nathan Rocha;P043
5834;Nathan Rocha;P038
5835;Nathan Rocha;P039,P039
5836;Nathan Rocha;P025,P025
5837;Nathan Rocha;P009
5838;Nathan Rocha;P038
5839;Nathan Santos;P010,P037,P019
5840;Nathan Santos;P016,P035
5841;Nathan Santos;P032,P034,P032,P039
5842;Nathan Santos;P033
5843;Nathan Santos;P018,P034,P037,P032
5844;Nathan Santos;P033
5845;Nathan Souza;P033,P001
5846;Nathan Souza;P005
5847;Nathan Souza;P002,P002
5848;Nathan Souza;P002,P002
5849;Nathan Souza;P006
5850;Nathan Teixeira;P010,P011
5851;Nathan Teixeira;P010,P009,P009,P016
5852;Nathan Teixeira;P010
5853;Nathan Teixeira;P010,P009
5854;Nathan Teixeira;P010,P017,P030
5855;Nathan Teixeira;P009,P013,P012,P010
5856;Otávio Cardoso;P028,P032
5857;Otávio Cardoso;P032,P034
5858;Otávio Cardoso;P032
5859;Otávio Cardoso;P028,P034,P003
5860;Otávio Cardoso;P028
5861;Otávio Cardoso;P028,P032
5862;Otávio Costa;P008,P002
5863;Otávio Freitas;P045,P009,P010,P043
5864;Otávio Freitas;P009
5865;Otávio Freitas;P047,P038,P012
5866;Otávio Freitas;P047,P047,P010,P047
5867;Otávio Freitas;P009
5868;Otávio Lima;P017,P009
5869;Otávio Lima;P027
5870;Otávio Lima;P033,P024,P024
5871;Otávio Lima;P004,P003,P009
5872;Otávio Lima;P010,P004
5873;Otávio Martins;P047,P040
5874;Otávio Martins;P041,P043
5875;Otávio Martins;P046
5876;Otávio Martins;P038,P038
5877;Otávio Martins;P023,P032,P047
5878;Otávio Moura;P019
5879;Otávio Moura;P019,P024,P019,P023
5880;Otávio Moura;P009,P012
5881;Otávio Moura;P032
5882;Otávio Moura;P027,P025,P027
5883;Otávio Moura;P009,P026
5884;Otávio Moura;P020
5885;Otávio Moura;P019,P018,P009
5886;Otávio Nunes;P021,P021
5887;Otávio Nunes;P020
5888;Otávio Nunes;P019,P019
5889;Otávio Nunes;P019
5890;Otávio Nunes;P019,P032,P018
5891;Otávio Ramos;P022
5892;Otávio Ribeiro;P015
5893;Otávio Ribeiro;P009,P012
5894;Otávio Ribeiro;P009,P018
5895;Otávio Ribeiro;P019,P010,P020,P019
5896;Otávio Ribeiro;P022,P018
5897;Otávio Ribeiro;P040,P018,P010
5898;Otávio Rocha;P035
5899;Otávio Rocha;P019,P018
5900;Otávio Souza;P009
5901;Otávio Souza;P028,P010
5902;Otávio Souza;P046,P012
5903;Otávio Souza;P045,P045,P047,P045
5904;Paula Almeida;P027,P011
5905;Paula Almeida;P023
5906;Paula Almeida;P016,P024
5907;Paula Almeida;P009,P028
5908;Paula Almeida;P023,P039
5909;Paula Barbosa;P028,P030,P040,P028
5910;Paula Cardoso;P032,P032,P033,P033
5911;Paula Cardoso;P027
5912;Paula Cardoso;P034,P034
5913;Paula Cardoso;P032,P032
5914;Paula Cardoso;P032,P034
5915;Paula Cardoso;P033,P032,P032
5916;Paula Cardoso;P032,P033,P034
5917;Paula Cardoso;P032,P033
5918;Paula Freitas;P037,P034,P033
5919;Paula Gomes;P011
5920;Paula Gomes;P023,P009
5921;Paula Gomes;P032,P011,P030
5922;Paula Gomes;P038,P002,P033
5923;Paula Gomes;P011,P001
5924;Paula Gomes;P010
5925;Paula Gomes;P012,P010,P012,P012
5926;Paula Lima;P029,P031
5927;Paula Lima;P035,P032
5928;Paula Lima;P034,P034
5929;Paula Lima;P030,P029,P030
5930;Paula Lima;P032,P042
5931;Paula Lima;P029,P034
5932;Paula Lima;P028,P028
5933;Paula Lima;P033
5934;Paula Martins;P002,P001
5935;Paula Nunes;P003,P003
5936;Paula Nunes;P002,P003,P002
5937;Paula Nunes;P002,P002
5938;Paula Nunes;P002
5939;Paula Nunes;P001,P002,P003
5940;Paula Nunes;P003,P008,P002,P001
5941;Paula Nunes;P002
5942;Paula Nunes;P002,P001,P005
5943;Paula Oliveira;P033,P029,P033
5944;Paula Oliveira;P031,P028
5945;Paula Oliveira;P028
5946;Paula Oliveira;P033,P030,P035
5947;Paula Pinto;P018
5948;Paula Pinto;P019
5949;Paula Ramos;P046,P037
5950;Paula Ramos;P025,P024
5951;Paula Ribeiro;P018
5952;Paula Ribeiro;P042
5953;Paula Ribeiro;P018,P019
5954;Paula Ribeiro;P022,P001
5955;Paula Ribeiro;P020,P020
5956;Paula Ribeiro;P019
5957;Paula Rocha;P009,P009
5958;Paula Rocha;P009
5959;Paula Rocha;P011,P009
5960;Paula Rocha;P009,P009,P010
5961;Paula Rocha;P009,P012,P009
5962;Paula Rocha;P012
5963;Paula Rocha;P009
5964;Paula Rocha;P021,P010
5965;Paula Santos;P045,P045,P047,P043
5966;Paula Santos;P045,P040
5967;Paula Santos;P040,P046
5968;Paula Santos;P040,P042,P041,P040
5969;Paula Santos;P045
5970;Paula Santos;P039
5971;Paula Santos;P041,P039,P047
5972;Paula Teixeira;P045,P018
5973;Paula Teixeira;P027,P018
5974;Paula Teixeira;P019,P019
5975;Paula Teixeira;P033,P020,P047,P033
5976;Paula Teixeira;P019
5977;Renata Barbosa;P038,P039
5978;Renata Cardoso;P028
5979;Renata Cardoso;P029,P028
5980;Renata Cardoso;P028
5981;Renata Cardoso;P028,P028,P029
5982;Renata Cardoso;P029
5983;Renata Cardoso;P031
5984;Renata Cardoso;P031,P025,P030
5985;Renata Costa;P047,P046,P023
5986;Renata Costa;P030,P024
5987;Renata Costa;P025
5988;Renata Costa;P024,P025,P023,P023
5989;Renata Costa;P025,P026,P023,P025
5990;Renata Dias;P024,P024
5991;Renata Dias;P025,P024,P024
5992;Renata Dias;P019,P023
5993;Renata Dias;P023,P018,P009,P023
5994;Renata Dias;P027,P023
5995;Renata Dias;P021,P022,P023
5996;Renata Freitas;P018,P020
5997;Renata Freitas;P018,P022,P018
5998;Renata Freitas;P019,P019
5999;Renata Gomes;P010
6000;Renata Gomes;P009,P019,P010
6001;Renata Gomes;P010
6002;Renata Gomes;P010,P012
6003;Renata Oliveira;P007,P008,P002,P002
6004;Renata Oliveira;P001,P010
6005;Renata Oliveira;P047
6006;Renata Oliveira;P001,P002
6007;Renata Oliveira;P003,P003
6008;Renata Oliveira;P006,P004
6009;Renata Oliveira;P002
6010;Renata Pinto;P027,P021,P033,P034
6011;Renata Pinto;P034
6012;Renata Pinto;P035,P033
6013;Renata Pinto;P035
6014;Renata Pinto;P034,P032,P032
6015;Renata Ramos;P024,P010,P024,P009
6016;Renata Ribeiro;P028,P035,P028
6017;Renata Ribeiro;P009,P032
6018;Renata Ribeiro;P037
6019;Renata Ribeiro;P032
6020;Renata Ribeiro;P010,P037,P011
6021;Renata Ribeiro;P011
6022;Renata Rocha;P047,P045,P045,P047
6023;Renata Rocha;P045
6024;Renata Rocha;P047,P045
6025;Renata Rocha;P046
6026;Renata Rocha;P045,P045
6027;Renata Rocha;P045,P047,P045
6028;Renata Rocha;P047,P046,P047,P046
6029;Renata Santos;P038,P039
6030;Renata Santos;P019,P023,P022
6031;Renata Silva;P033,P034,P032
6032;Renata Silva;P009,P032
6033;Renata Silva;P018
6034;Renata Souza;P020,P018
6035;Renata Souza;P028,P022,P028
6036;Renata Souza;P019,P020
6037;Renata Souza;P021
6038;Renata Souza;P004,P021
6039;Renata Teixeira;P042,P043,P043
6040;Renata Teixeira;P039,P039,P038
6041;Renata Teixeira;P038,P039,P038
6042;Sérgio Almeida;P039,P045
6043;Sérgio Almeida;P030,P045
6044;Sérgio Almeida;P024
6045;Sérgio Almeida;P038,P038,P024,P042
6046;Sérgio Almeida;P045
6047;Sérgio Almeida;P003,P045
6048;Sérgio Almeida;P041
6049;Sérgio Almeida;P045,P046
6050;Sérgio Barbosa;P038,P018,P019
6051;Sérgio Barbosa;P042
6052;Sérgio Barbosa;P002,P038,P042,P001
6053;Sérgio Cardoso;P022
6054;Sérgio Cardoso;P022,P020,P019,P021
6055;Sérgio Cardoso;P018,P022,P020
6056;Sérgio Cardoso;P019
6057;Sérgio Cardoso;P018,P018
6058;Sérgio Costa;P047,P046,P001
6059;Sérgio Costa;P001
6060;Sérgio Costa;P028,P031
6061;Sérgio Costa;P029,P002
6062;Sérgio Costa;P030,P001,P030
6063;Sérgio Costa;P001,P046,P001
6064;Sérgio Freitas;P028
6065;Sérgio Freitas;P028
6066;Sérgio Freitas;P031,P028,P031
6067;Sérgio Freitas;P031
6068;Sérgio Freitas;P029,P031,P028,P011
6069;Sérgio Freitas;P028,P028,P028
6070;Sérgio Gomes;P020,P027
6071;Sérgio Gomes;P040
6072;Sérgio Gomes;P019,P018,P010,P022,P019
6073;Sérgio Gomes;P018,P021
6074;Sérgio Gomes;P009,P020
6075;Sérgio Lima;P011,P038,P011
6076;Sérgio Moura;P025,P010
6077;Sérgio Moura;P018,P045,P027,P023
6078;Sérgio Moura;P023,P020
6079;Sérgio Moura;P026,P046,P023
6080;Sérgio Moura;P024,P019,P019
6081;Sérgio Moura;P026,P024
6082;Sérgio Ramos;P022,P003,P022
6083;Sérgio Ramos;P002,P007
6084;Sérgio Ramos;P001,P009,P002,P001
6085;Sérgio Ramos;P003,P002,P047
6086;Sérgio Ramos;P005,P003
6087;Sérgio Rocha;P047,P045,P046
6088;Sérgio Rocha;P047
6089;Sérgio Rocha;P045,P047
6090;Sérgio Rocha;P045,P047
6091;Sérgio Rocha;P047
6092;Sérgio Rocha;P047
6093;Sérgio Silva;P009,P010,P009,P009
6094;Sérgio Silva;P010,P010,P011
6095;Sérgio Silva;P011,P015,P011
6096;Sérgio Silva;P009,P011
6097;Sérgio Silva;P009,P047,P012
6098;Sérgio Silva;P039
6099;Sérgio Silva;P012,P012
6100;Sérgio Silva;P009,P009,P011
6101;Tânia Dias;P027,P023,P027
6102;Tânia Dias;P027,P023
6103;Tânia Lima;P038
6104;Tânia Lima;P043,P040,P038
6105;Tânia Lima;P038
6106;Tânia Lima;P038
6107;Tânia Martins;P035
6108;Tânia Martins;P035
6109;Tânia Moura;P030,P039
6110;Tânia Moura;P033
6111;Tânia Moura;P038
6112;Tânia Moura;P031
6113;Tânia Nunes;P042,P031,P042
6114;Tânia Nunes;P035,P038
6115;Tânia Oliveira;P039,P042
6116;Tânia Oliveira;P038,P039,P039
6117;Tânia Oliveira;P042,P038,P040
6118;Tânia Oliveira;P030,P043,P039,P043
6119;Tânia Oliveira;P039,P001,P038
6120;Tânia Oliveira;P038,P040
6121;Tânia Oliveira;P040,P040,P040
6122;Tânia Pinto;P045,P013
6123;Tânia Pinto;P045
6124;Tânia Pinto;P009,P018
6125;Tânia Pinto;P019
6126;Tânia Pinto;P022,P045
6127;Tânia Ramos;P041
6128;Tânia Ribeiro;P040,P040,P039,P039
6129;Tânia Rocha;P009,P013
6130;Tânia Rocha;P010,P010
6131;Tânia Rocha;P010
6132;Tânia Rocha;P011
6133;Tânia Rocha;P015,P010
6134;Tânia Rocha;P012,P009,P001
6135;Tânia Rocha;P010,P038
6136;Tânia Santos;P023,P024
6137;Tânia Santos;P045
6138;Tânia Santos;P027
6139;Tânia Santos;P046,P047,P046
6140;Tânia Souza;P034,P010
6141;Tânia Souza;P047,P047,P047,P047
6142;Tânia Souza;P010
6143;Tânia Souza;P045
6144;Tânia Souza;P009,P046
6145;Tânia Souza;P025,P047,P011
6146;Tânia Souza;P045,P023,P010
6147;Tânia Souza;P045,P010,P047
6148;Ulisses Almeida;P010,P039,P010
6149;Ulisses Almeida;P047,P039
6150;Ulisses Almeida;P047,P010,P047,P043
6151;Ulisses Almeida;P047,P043
6152;Ulisses Almeida;P038,P023
6153;Ulisses Almeida;P040
6154;Ulisses Costa;P046,P023
6155;Ulisses Costa;P028
6156;Ulisses Costa;P046,P038
6157;Ulisses Costa;P039,P024
6158;Ulisses Costa;P038,P039,P023
6159;Ulisses Costa;P047,P023,P046,P024
6160;Ulisses Costa;P041
6161;Ulisses Dias;P045
6162;Ulisses Dias;P047
6163;Ulisses Freitas;P032,P047,P047
6164;Ulisses Freitas;P047,P046,P035
6165;Ulisses Freitas;P018,P037
6166;Ulisses Freitas;P047
6167;Ulisses Freitas;P035,P001,P045
6168;Ulisses Gomes;P032,P028,P001,P032
6169;Ulisses Gomes;P037,P037
6170;Ulisses Gomes;P033
6171;Ulisses Gomes;P033,P015
6172;Ulisses Gomes;P001,P002
6173;Ulisses Gomes;P037,P002,P033
6174;Ulisses Gomes;P032
6175;Ulisses Martins;P009,P018
6176;Ulisses Martins;P028,P020
6177;Ulisses Martins;P028
6178;Ulisses Nunes;P047
6179;Ulisses Nunes;P046
6180;Ulisses Oliveira;P040
6181;Ulisses Oliveira;P026
6182;Ulisses Oliveira;P008,P047,P003
6183;Ulisses Oliveira;P026,P001
6184;Ulisses Oliveira;P039
6185;Ulisses Oliveira;P025,P042
6186;Ulisses Oliveira;P043,P024
6187;Ulisses Oliveira;P004,P001,P003
6188;Ulisses Pinto;P041
6189;Ulisses Pinto;P018
6190;Ulisses Pinto;P021,P039
6191;Ulisses Santos;P047,P038
6192;Ulisses Santos;P033,P033
6193;Ulisses Santos;P011,P010,P011
6194;Ulisses Silva;P032
6195;Ulisses Silva;P038,P047,P003,P046
6196;Ulisses Silva;P045,P045
6197;Ulisses Souza;P040
6198;Ulisses Souza;P043,P038,P039
6199;Ulisses Teixeira;P011,P011
6200;Ulisses Teixeira;P024
6201;Ulisses Teixeira;P031,P028
6202;Vanessa Almeida;P004,P004
6203;Vanessa Almeida;P018,P005,P040,P040
6204;Vanessa Almeida;P001
6205;Vanessa Almeida;P001
6206;Vanessa Almeida;P001,P003
6207;Vanessa Almeida;P003
6208;Vanessa Almeida;P003
6209;Vanessa Almeida;P018,P001,P021,P001
6210;Vanessa Barbosa;P020
6211;Vanessa Barbosa;P039,P019,P028
6212;Vanessa Barbosa;P027,P021
6213;Vanessa Barbosa;P029,P018
6214;Vanessa Barbosa;P030,P018,P018,P019
6215;Vanessa Barbosa;P031
6216;Vanessa Barbosa;P018
6217;Vanessa Dias;P026,P045,P026
6218;Vanessa Dias;P024
6219;Vanessa Gomes;P001
6220;Vanessa Gomes;P006,P031
6221;Vanessa Gomes;P001,P029,P008
6222;Vanessa Gomes;P005,P003
6223;Vanessa Gomes;P001,P001
6224;Vanessa Gomes;P001,P004,P003,P001
6225;Vanessa Lima;P027,P021,P020,P026
6226;Vanessa Lima;P025
6227;Vanessa Lima;P024
6228;Vanessa Lima;P023,P032
6229;Vanessa Lima;P029
6230;Vanessa Lima;P021,P024
6231;Vanessa Lima;P001
6232;Vanessa Moura;P010
6233;Vanessa Oliveira;P030,P038
6234;Vanessa Ribeiro;P022,P021
6235;Vanessa Silva;P021,P002,P019
6236;Vanessa Silva;P004,P005
6237;Vanessa Silva;P022,P005
6238;Vanessa Souza;P027,P039
6239;Vanessa Souza;P012,P047,P041,P024
6240;Vanessa Souza;P023,P023
6241;Vanessa Souza;P001,P023
6242;Vanessa Souza;P023,P023,P026
6243;Vanessa Souza;P040,P041,P027,P023
6244;Vanessa Teixeira;P009,P008
6245;Vanessa Teixeira;P031,P009
6246;Vanessa Teixeira;P010,P009,P028
6247;Vanessa Teixeira;P004,P038
6248;Vanessa Teixeira;P010
6249;Vanessa Teixeira;P028,P028,P009
6250;Vanessa Teixeira;P004,P010
6251;William Barbosa;P030
6252;William Barbosa;P033,P047,P022,P034
6253;William Barbosa;P028,P034,P039
6254;William Barbosa;P023
6255;William Barbosa;P022
6256;William Barbosa;P039
6257;William Barbosa;P038,P047,P047,P032
6258;William Cardoso;P032,P033
6259;William Cardoso;P032,P030
6260;William Cardoso;P037
6261;William Cardoso;P032
6262;William Cardoso;P047
6263;William Cardoso;P021
6264;William Costa;P009
6265;William Costa;P009
6266;William Costa;P047,P011,P019
6267;William Costa;P018
6268;William Costa;P021,P019,P047,P012
6269;William Costa;P009
6270;William Gomes;P046
6271;William Gomes;P045
6272;William Gomes;P045,P045
6273;William Gomes;P045,P046,P047,P045
6274;William Gomes;P047,P047
6275;William Lima;P001,P010
6276;William Moura;P003,P005,P035
6277;William Moura;P002,P006
6278;William Moura;P032,P003
6279;William Moura;P002,P001
6280;William Moura;P037,P001
6281;William Moura;P003,P003
6282;William Moura;P032
6283;William Moura;P002
6284;William Nunes;P034
6285;William Nunes;P002,P028
6286;William Nunes;P047,P047
6287;William Nunes;P028,P030
6288;William Nunes;P001,P001
6289;William Nunes;P028,P001
6290;William Oliveira;P033,P023
6291;William Oliveira;P024,P026,P037
6292;William Oliveira;P023
6293;William Oliveira;P025,P018
6294;William Oliveira;P034,P032
6295;William Oliveira;P023
6296;William Oliveira;P034,P033,P023,P034
6297;William Pinto;P019,P009,P017,P017
6298;William Pinto;P045
6299;William Ramos;P023,P037
6300;William Ramos;P011,P045,P032,P033
6301;William Ramos;P023,P035
6302;William Ramos;P039,P037,P023,P037
6303;William Ramos;P023,P032
6304;William Ramos;P023,P023,P032,P024
6305;William Rocha;P022,P021,P022
6306;William Rocha;P033,P021,P019
6307;William Souza;P028,P009,P001,P010
6308;William Souza;P010,P006,P006
6309;William Souza;P009
6310;William Souza;P009,P010
6311;William Souza;P009,P001,P001
6312;William Souza;P001,P001
6313;William Souza;P009,P001
6314;William Souza;P009,P009
6315;William Teixeira;P023
6316;Yara Almeida;P022,P022
6317;Yara Barbosa;P033,P033
6318;Yara Cardoso;P047,P047
6319;Yara Cardoso;P027,P023
6320;Yara Costa;P045,P033
6321;Yara Costa;P032,P034
6322;Yara Costa;P010,P032
6323;Yara Costa;P037,P037
6324;Yara Costa;P045,P045,P045
6325;Yara Costa;P045,P045,P045
6326;Yara Costa;P046
6327;Yara Costa;P032,P046
6328;Yara Freitas;P038,P041,P023,P026
6329;Yara Freitas;P039,P027,P025
6330;Yara Freitas;P039,P039
6331;Yara Gomes;P030,P028,P028
6332;Yara Gomes;P031
6333;Yara Gomes;P029,P032
6334;Yara Gomes;P029
6335;Yara Lima;P019,P018
6336;Yara Lima;P022
6337;Yara Lima;P031,P021,P018
6338;Yara Martins;P001,P002
6339;Yara Martins;P001
6340;Yara Martins;P004,P002
6341;Yara Martins;P001,P001,P002,P001
6342;Yara Martins;P002,P004,P039
6343;Yara Martins;P038,P038
6344;Yara Martins;P002
6345;Yara Martins;P001,P001
6346;Yara Moura;P027,P016
6347;Yara Moura;P025,P011,P015
6348;Yara Moura;P024,P024
6349;Yara Moura;P009,P009
6350;Yara Moura;P026,P023
6351;Yara Ramos;P040,P042
6352;Yara Ramos;P001
6353;Yara Ramos;P041
6354;Yara Ramos;P038,P039,P038,P038
6355;Yara Ramos;P038
6356;Yara Rocha;P030,P032,P028,P033
6357;Yara Rocha;P028,P031
6358;Yara Rocha;P034,P032
6359;Yara Rocha;P028
6360;Yara Rocha;P028
6361;Yara Rocha;P028
6362;Yara Santos;P047,P046,P045
6363;Yara Santos;P018
6364;Yara Silva;P030,P017
6365;Yara Silva;P001,P002,P038,P029
6366;Yara Silva;P009,P010
6367;Yara Silva;P010,P039,P029
6368;Yara Silva;P011,P028
6369;Yara Silva;P028,P040
6370;Yara Silva;P029
6371;Yara Souza;P029,P009,P028
6372;Yara Souza;P028
6373;Yara Souza;P031,P045
6374;Yara Souza;P028,P028
6375;Yara Souza;P030,P031
6376;Yara Souza;P030
6377;Yara Souza;P029,P031,P029
6378;Yara Souza;P031,P029
6379;Yara Teixeira;P013,P010,P024
6380;Yara Teixeira;P015,P009
6381;Yara Teixeira;P009,P022,P010,P010
6382;Zé Almeida;P029,P045,P031
6383;Zé Cardoso;P018,P018
6384;Zé Cardoso;P024
6385;Zé Cardoso;P019,P030
6386;Zé Cardoso;P022,P032,P029
6387;Zé Cardoso;P028,P047
6388;Zé Cardoso;P031,P019,P028
6389;Zé Costa;P005
6390;Zé Costa;P041
6391;Zé Costa;P047,P032,P001,P047
6392;Zé Costa;P041,P046
6393;Zé Costa;P045
6394;Zé Costa;P046
6395;Zé Costa;P039,P039,P047
6396;Zé Costa;P045,P001,P039
6397;Zé Dias;P046,P041
6398;Zé Dias;P045,P045,P045
6399;Zé Dias;P045
6400;Zé Dias;P047,P046,P032,P032
6401;Zé Dias;P009,P037,P046
6402;Zé Dias;P047,P047,P032,P047
6403;Zé Dias;P047,P046,P023,P029
6404;Zé Freitas;P020,P022
6405;Zé Freitas;P021,P025
6406;Zé Freitas;P046
6407;Zé Gomes;P027
6408;Zé Gomes;P039
6409;Zé Lima;P022,P018
6410;Zé Lima;P039,P022,P038
6411;Zé Lima;P018,P021,P039
6412;Zé Lima;P038,P018,P038
6413;Zé Lima;P043,P045
6414;Zé Lima;P020,P018
6415;Zé Lima;P009
6416;Zé Martins;P002,P033
6417;Zé Martins;P002,P032
6418;Zé Martins;P001,P034,P001
6419;Zé Martins;P033,P034,P033,P035
6420;Zé Martins;P032,P002
6421;Zé Moura;P009
6422;Zé Moura;P011,P047,P046
6423;Zé Moura;P012
6424;Zé Moura;P011
6425;Zé Moura;P021,P010
6426;Zé Moura;P010
6427;Zé Moura;P020
6428;Zé Moura;P045
6429;Zé Oliveira;P041,P012,P010,P010
6430;Zé Oliveira;P009
6431;Zé Oliveira;P032,P009
6432;Zé Pinto;P029,P031,P031
6433;Zé Pinto;P031,P028
6434;Zé Pinto;P028,P028
6435;Zé Pinto;P028,P029
6436;Zé Pinto;P045
6437;Zé Pinto;P029,P045
6438;Zé Pinto;P028,P030,P029
6439;Zé Ramos;P001
6440;Zé Ramos;P018,P020
6441;Zé Ramos;P020,P022,P018,P020
6442;Zé Ramos;P018
6443;Zé Ramos;P018,P001,P020,P018,P018
6444;Zé Ramos;P018,P018
6445;Zé Rocha;P029,P028
6446;Zé Rocha;P030,P031,P030
6447;Zé Rocha;P030
6448;Zé Rocha;P028,P033,P031
6449;Zé Rocha;P028,P029,P030
6450;Zé Rocha;P031,P031
6451;Zé Rocha;P029
6452;Zé Silva;P010,P016
6453;Zé Souza;P031,P035,P028
6454;Zé Souza;P001
6455;Zé Souza;P002,P028,P031
6456;Zé Souza;P028,P003,P028
6457;Zé Souza;P006,P031
6458;Zé Souza;P031,P001
6459;Zé Souza;P029,P001,P030,P004
6460;Zé Teixeira;P018
6461;Zé Teixeira;P023,P019,P038,P023
6462;Zé Teixeira;P025
6463;Zé Teixeira;P019,P018,P011
6464;Zé Teixeira;P039
