# codigo;nome;preco
P001;Teclado mecânico;349.90
P002;Mouse gamer;159.90
P003;Headset com microfone;229.90
P004;Mousepad XL;79.90
P005;Controle sem fio;289.90
P006;Cadeira gamer;1199.00
P007;Monitor 144 Hz;1599.00
P008;Fita LED RGB;59.90
P009;Monitor 27";1299.00
P010;Suporte para notebook;119.90
P011;Hub USB-C;139.90
P012;Webcam Full HD;199.90
P013;Cadeira ergonômica;1499.00
P014;Apoio para pés;89.90
P015;Luminária de mesa;129.90
P016;Mouse vertical;149.90
P017;Teclado sem fio;189.90
P018;SSD 1 TB;449.90
P019;SSD externo 500 GB;399.90
P020;Pendrive 128 GB;59.90
P021;HD externo 2 TB;529.90
P022;Cartão microSD 256 GB;129.90
P023;Fone Bluetooth;249.90
P024;Caixa de som portátil;319.90
P025;Microfone condensador;459.90
P026;Interface de áudio;899.00
P027;Fone de estúdio;599.00
P028;Roteador Wi-Fi 6;599.00
P029;Repetidor Wi-Fi;189.90
P030;Cabo de rede 5 m;29.90
P031;Switch 8 portas;169.90
P032;Kit Arduino;249.90
P033;Raspberry Pi 5;749.00
P034;Protoboard;29.90
P035;Kit de sensores;139.90
P036;Ferro de solda;119.90
P037;Multímetro digital;99.90
P038;Carregador 65 W;179.90
P039;Power bank 20.000 mAh;219.90
P040;Cabo USB-C 2 m;49.90
P041;Capa para tablet;89.90
P042;Suporte veicular;69.90
P043;Smartwatch;899.00
P044;Livro: Java Como Programar;389.00
P045;Livro: Código Limpo;99.90
P046;Livro: Estruturas de Dados;179.90
P047;Livro: Padrões de Projeto;149.90
